Name,Time
Nicole,00:00:08
peiyao,00:00:21
ethan,00:00:25
azri,00:00:56
Jun,00:00:01
peiyao,00:00:21
ethan,00:00:25
azri,00:00:56
Nicole,00:00:08
peiyao,00:00:21
ethan,00:00:25
azri,00:00:56
Nicole,00:00:08
peiyao,00:00:21
ethan,00:00:25
azri,00:00:56
Nicole,00:00:08
peiyao,00:00:21
ethan,00:00:25
azri,00:00:56
Nicole,00:00:08
peiyao,00:00:21
ethan,00:00:25
azri,00:00:56
Nicole,00:00:08
peiyao,00:00:21
ethan,00:00:25
azri,00:00:56
Nicole,00:00:08
peiyao,00:00:21
ethan,00:00:25
azri,00:00:56
Nicole,00:00:08
peiyao,00:00:21
ethan,00:00:25
azri,00:00:56
Nicole,00:00:08
peiyao,00:00:21
ethan,00:00:25
azri,00:00:56
Nicole,00:00:08
peiyao,00:00:21
ethan,00:00:25
azri,00:00:56
Nicole,00:00:08
peiyao,00:00:21
ethan,00:00:25
azri,00:00:56
Nicole,00:00:08
peiyao,00:00:21
Nicole,00:00:08
peiyao,00:00:21
ethan,00:00:25
azri,00:00:56
Nicole,00:00:08
peiyao,00:00:21
ethan,00:00:25
azri,00:00:56
Nicole,00:00:08
peiyao,00:00:21
ethan,00:00:25
azri,00:00:56
Nicole,00:00:08
peiyao,00:00:21
ethan,00:00:25
azri,00:00:56
Nicole,00:00:08
peiyao,00:00:21
ethan,00:00:25
azri,00:00:56
Nicole,00:00:08
peiyao,00:00:21
ethan,00:00:25
azri,00:00:56
Nicole,00:00:08
peiyao,00:00:21
ethan,00:00:25
azri,00:00:56
Nicole,00:00:08
peiyao,00:00:21
ethan,00:00:25
azri,00:00:56
Nicole,00:00:08
peiyao,00:00:21
ethan,00:00:25
azri,00:00:56
Nicole,00:00:08
peiyao,00:00:21
ethan,00:00:25
azri,00:00:56
Nicole,00:00:08
peiyao,00:00:21
ethan,00:00:25
azri,00:00:56
Nicole,00:00:08
peiyao,00:00:21
ethan,00:00:25
azri,00:00:56
Nicole,00:00:08
peiyao,00:00:21